{
    "headeritems":{
        "flipkartlogo": "img/header/whiteflipkart.png",
        "underlogo1": "Explore",
        "underlogo2": "Plus",
        "underlogo3": "img/header/flipkartplus.png",
        "search_input": "Search for products, brands and more",
        "searchlense": "img/header/flipsearchlense.svg",
        "logindef": "Login",
        "firstlidef": "Become a Seller",
        "secondlidef": "More",
        "secondlidef_downarrow": "img/header/secondlidefdownarrow.svg",
        "cartlogo": "img/header/cart.svg",
        "thirdlidef": "Cart"
    },

    "navitems":[
        {
            "navlistdef": "Electronics",
            "navdownarrow": "img/nav/nav-down-arrow.svg"
        },

        {
            "navlistdef": "TVs & Appliances",
            "navdownarrow": "img/nav/nav-down-arrow.svg"
        },
        
        {
            "navlistdef": "Men",
            "navdownarrow": "img/nav/nav-down-arrow.svg"
        },

        {
            "navlistdef": "Women",
            "navdownarrow": "img/nav/nav-down-arrow.svg"
        },

        {
            "navlistdef": "Baby & Kids",
            "navdownarrow": "img/nav/nav-down-arrow.svg"
        },

        {
            "navlistdef": "Home & Furniture",
            "navdownarrow": "img/nav/nav-down-arrow.svg"
        },

        {
            "navlistdef": "Sports, Books & More",
            "navdownarrow": "img/nav/nav-down-arrow.svg"
        },

        {
            "navlistdef": "Flights",
            "navdownarrow": "img/nav/nav-down-arrow.svg"
        },

        {
            "navlistdef": "Offer Zone",
            "navdownarrow": "img/nav/nav-down-arrow.svg"
        }
    ],

    "sortitems":[
        {
            "sortitemsdef": "Relevance"
        },

        {
            "sortitemsdef": "Popularity"
        },

        {
            "sortitemsdef": "Price -- Low to High"
        },

        {
            "sortitemsdef": "Price -- High to Low"
        },

        {
            "sortitemsdef": "Newest First"
        }
    ],

    "products":[
        {
            
            "brand":"MOTOROLA",
            "title":"Motorola Edge 50 Fusion (Marshmallow Blue, 256 GB)",     
            "stock":"COMING_SOON",
            "highlights":[
                "12 GB RAM | 256 GB ROM",
                "17.02 cm (6.7 inch) Full HD+ Display",
                "50MP + 13MP | 32MP Front Camera",
                "5000 mAh Battery",
                "7s Gen 2 Processor"
            ],
            "mrp":27999,
            "price":24999,
            "rating":{
                "average":4.5,
                "count":11055,
                "reviewCount":743
            },
            "launch_date": "2023-12-01",
            "itemno":1,
            "images":"img/right-main/mobiles/motomarshmelloblue12.webp"
            
        },

        {
            
            "brand":"MOTOROLA",
            "title":"Motorola Edge 50 Fusion (Marshmallow Blue, 128 GB)",     
            "stock":"COMING_SOON",
            "highlights":[
                "8 GB RAM | 128 GB ROM",
                "17.02 cm (6.7 inch) Full HD+ Display",
                "50MP + 13MP | 32MP Front Camera",
                "5000 mAh Battery",
                "7s Gen 2 Processor"
            ],
            "mrp":25999,
            "price":22999,
            "rating":{
                "average":4.5,
                "count":14145,
                "reviewCount":746
            },
            "launch_date": "2022-12-01",
            "itemno":2,
            "images":"img/right-main/mobiles/motomarshmelloblue8.webp"
        },

        {
            
            "brand":"MOTOROLA",
            "title":"Motorola G34 5G (Ocean Green, 128 GB)",     
            "stock":"IN_STOCK",
            "highlights":[
                "8 GB RAM | 128 GB ROM",
                "16.51 cm (6.5 inch) HD+ Display",
                "50MP + 2MP | 16MP Front Camera",
                "5000 mAh Battery",
                "Snapdragon 695 5G Processor",
                "Vegan Leather Design"
            ],
            "mrp":14999,
            "price":11999,
            "rating":{
                "average":4.2,
                "count":88727,
                "reviewCount":6413
            },
            "launch_date": "2023-11-01",
            "itemno":3,
            "images":"img/right-main/mobiles/item3.webp"
        },

        {
            
            "brand":"MOTOROLA",
            "title":"Motorola G34 5G (Ice Blue, 128 GB)",     
            "stock":"IN_STOCK",
            "highlights":[
                "8 GB RAM | 128 GB ROM",
                "16.51 cm (6.5 inch) HD+ Display",
                "50MP + 2MP | 16MP Front Camera",
                "5000 mAh Battery",
                "Snapdragon 695 5G Processor"
            ],
            "mrp":14999,
            "price":11999,
            "rating":{
                "average":4.2,
                "count":88727,
                "reviewCount":6413
            },
            "launch_date": "2023-12-11",
            "itemno":4,
            "images":"img/right-main/mobiles/item4.webp"
        },

        {
            
            "brand":"MOTOROLA",
            "title":"Motorola G34 5G (Charcoal Black, 128 GB)",     
            "stock":"IN_STOCK",
            "highlights":[
                "8 GB RAM | 128 GB ROM",
                "16.51 cm (6.5 inch) HD+ Display",
                "50MP + 2MP | 16MP Front Camera",
                "5000 mAh Battery",
                "Snapdragon 695 5G Processor"
            ],
            "mrp":14999,
            "price":11999,
            "rating":{
                "average":4.2,
                "count":88727,
                "reviewCount":6413
            },
            "launch_date": "2023-10-01",
            "itemno":5,
            "images":"img/right-main/mobiles/item5.webp"
        },

        {
            
            "brand":"REDMI",
            "title":"REDMI 13C (Stardust Black, 128 GB)",     
            "stock":"IN_STOCK",
            "highlights":[
                "4 GB RAM | 128 GB ROM | Expandable Upto 1 TB",
                "17.12 cm (6.74 inch) HD+ Display",
                "50MP Rear Camera | 8MP Front Camera",
                "5000 mAh Battery",
                "Helio G85 Processor"
            ],
            "mrp":11999,
            "price":7699,
            "rating":{
                "average":4.3,
                "count":25323,
                "reviewCount":1086
            },
            "launch_date": "2024-12-01",
            "itemno":6,
            "images":"img/right-main/mobiles/item6.webp"
        },

        {
            
            "brand":"POCO",
            "title":"POCO M6 Pro 5G (Power Black, 128 GB)",     
            "stock":"IN_STOCK",
            "highlights":[
                "6 GB RAM | 128 GB ROM | Expandable Upto 1 TB",
                "17.25 cm (6.79 inch) Full HD+ Display",
                "50MP + 2MP | 8MP Front Camera",
                "5000 mAh Battery",
                "Snapdragon 4 Gen 2 Processor"
            ],
            "mrp":16999,
            "price":9999,
            "rating":{
                "average":4.2,
                "count":104890,
                "reviewCount":6612
            },
            "launch_date": "2022-12-11",
            "itemno":7,
            "images":"img/right-main/mobiles/item7.webp"
        },

        {
            
            "brand":"POCO",
            "title":"POCO C65 (Pastel Green, 128 GB)",     
            "stock":"IN_STOCK",
            "highlights":[
                "4 GB RAM | 128 GB ROM | Expandable Upto 1 TB",
                "17.12 cm (6.74 inch) HD+ Display",
                "50MP + AI Lens + 2MP | 8MP Front Camera",
                "5000 mAh Battery",
                "Helio G85 Processor"
            ],
            "mrp":10999,
            "price":6999,
            "rating":{
                "average":4.3,
                "count":28786,
                "reviewCount":1575
            },
            "launch_date": "2024-01-01",
            "itemno":8,
            "images":"img/right-main/mobiles/item8.webp"
        },
        
        {
            
            "brand":"POCO",
            "title":"POCO C65 (Matte Black, 128 GB)",     
            "stock":"IN_STOCK",
            "highlights":[
                "4 GB RAM | 128 GB ROM | Expandable Upto 1 TB",
                "17.12 cm (6.74 inch) HD+ Display",
                "50MP + AI Lens + 2MP | 8MP Front Camera",
                "5000 mAh Battery",
                "Helio G85 Processor"
            ],
            "mrp":10999,
            "price":6999,
            "rating":{
                "average":4.3,
                "count":28786,
                "reviewCount":1575
            },
            "launch_date": "2024-02-01",
            "itemno":9,
            "images":"img/right-main/mobiles/item9.webp"
        },

        {
            
            "brand":"MOTOROLA",
            "title":"Motorola g64 5G (Ice Lilac, 128 GB)",     
            "stock":"IN_STOCK",
            "highlights":[
                "8 GB RAM | 128 GB ROM | Expandable Upto 1 TB",
                "16.51 cm (6.5 inch) Full HD+ Display",
                "50MP (OIS) + 8MP | 16MP Front Camera",
                "6000 mAh Battery",
                "Dimensity 7025 Processor"
            ],
            "mrp":17999,
            "price":14999,
            "rating":{
                "average":4.2,
                "count":12501,
                "reviewCount":634
            },
            "launch_date": "2023-10-01",
            "itemno":10,
            "images":"img/right-main/mobiles/item10.webp"
        },

        {
            
            "brand":"POCO",
            "title":"POCO C65 (Pastel Blue, 128 GB)",     
            "stock":"IN_STOCK",
            "highlights":[
                "4 GB RAM | 128 GB ROM | Expandable Upto 1 TB",
                "17.12 cm (6.74 inch) HD+ Display",
                "50MP + AI Lens + 2MP | 8MP Front Camera",
                "5000 mAh Battery",
                "Helio G85 Processor"
            ],
            "mrp":10999,
            "price":6999,
            "rating":{
                "average":4.3,
                "count":28786,
                "reviewCount":1575
            },
            "launch_date": "2023-12-01",
            "itemno":11,
            "images":"img/right-main/mobiles/item11.webp"
        },

        {
            
            "brand":"MOTOROLA",
            "title":"Motorola g04s (Satin Blue, 64 GB)",     
            "stock":"IN_STOCK",
            "highlights":[
                "4 GB RAM | 64 GB ROM | Expandable Upto 1 TB",
                "16.76 cm (6.6 inch) HD+ Display",
                "50MP Rear Camera | 5MP Front Camera",
                "5000 mAh Battery",
                "T606 Processor"
            ],
            "mrp":9999,
            "price":6999,
            "rating":{
                "average":4.2,
                "count":3418,
                "reviewCount":202
            },
            "launch_date": "2023-12-01",
            "itemno":12,
            "images":"img/right-main/mobiles/item12.webp"
        },

        {
            
            "brand":"REDMI",
            "title":"REDMI 13C (Starfrost White, 128 GB)",     
            "stock":"IN_STOCK",
            "highlights":[
                "4 GB RAM | 128 GB ROM | Expandable Upto 1 TB",
                "17.12 cm (6.74 inch) HD+ Display",
                "50MP Rear Camera | 8MP Front Camera",
                "5000 mAh Battery",
                "Helio G85 Processor"
            ],
            "mrp":11999,
            "price":7699,
            "rating":{
                "average":4.3,
                "count":25323,
                "reviewCount":1086
            },
            "launch_date": "2023-12-21",
            "itemno":13,
            "images":"img/right-main/mobiles/item13.webp"
        },

        {
            
            "brand":"Apple",
            "title":"Apple iPhone 15 (Green, 128 GB)",     
            "stock":"IN_STOCK",
            "highlights":[
                "128 GB ROM",
                "15.49 cm (6.1 inch) Super Retina XDR Display",
                "48MP + 12MP | 12MP Front Camera",
                "A16 Bionic Chip, 6 Core Processor Processor"
            ],
            "mrp":79900,
            "price":66999,
            "rating":{
                "average":4.6,
                "count":39394,
                "reviewCount":2176
            },
            "launch_date": "2023-11-21",
            "itemno":14,
            "images":"img/right-main/mobiles/item14.webp"
        },

        {
            
            "brand":"POCO",
            "title":"POCO C65 (Pastel Blue, 128 GB)",     
            "stock":"IN_STOCK",
            "highlights":[
                "6 GB RAM | 128 GB ROM | Expandable Upto 1 TB",
                "17.12 cm (6.74 inch) HD+ Display",
                "50MP + AI Lens + 2MP | 8MP Front Camera",
                "5000 mAh Battery",
                "Helio G85 Processor"
            ],
            "mrp":11999,
            "price":7499,
            "rating":{
                "average":4.2,
                "count":8251,
                "reviewCount":468
            },
            "launch_date": "2023-11-01",
            "itemno":15,
            "images":"img/right-main/mobiles/item15.webp"
        },

        {
            
            "brand":"MOTOROLA",
            "title":"Motorola g64 5G (Mint Green, 128 GB)",     
            "stock":"IN_STOCK",
            "highlights":[
                "8 GB RAM | 128 GB ROM | Expandable Upto 1 TB",
                "16.51 cm (6.5 inch) Full HD+ Display",
                "50MP (OIS) + 8MP | 16MP Front Camera",
                "6000 mAh Battery",
                "Dimensity 7025 Processor"
            ],
            "mrp":17999,
            "price":14999,
            "rating":{
                "average":4.2,
                "count":12501,
                "reviewCount":634
            },
            "launch_date": "2024-12-01",
            "itemno":16,
            "images":"img/right-main/mobiles/item16.webp"
        },

        {
            
            "brand":"Nokia",
            "title":"Nokia 105 Single SIM, Keypad Mobile Phone with Wireless FM Radio",     
            "stock":"IN_STOCK",
            "highlights":[
                "32 MB RAM | 32 MB ROM",
                "4.5 cm (1.77 inch) Display",
                "0MP | 0MP Front Camera",
                "1000 mAh Battery",
                "SC6531E Processor"
            ],
            "mrp":1599,
            "price":1385,
            "rating":{
                "average":4.1,
                "count":103110,
                "reviewCount":6461
            },
            "launch_date": "2023-02-01",
            "itemno":17,
            "images":"img/right-main/mobiles/item17.webp"
        },

        {
            
            "brand":"Apple",
            "title":"Apple iPhone 15 (Black, 128 GB)",     
            "stock":"IN_STOCK",
            "highlights":[
                "128 GB ROM",
                "15.49 cm (6.1 inch) Super Retina XDR Display",
                "48MP + 12MP | 12MP Front Camera",
                "A16 Bionic Chip, 6 Core Processor Processor"
            ],
            "mrp":79900,
            "price":66999,
            "rating":{
                "average":4.6,
                "count":39394,
                "reviewCount":2176
            },
            "launch_date": "2023-07-01",
            "itemno":18,
            "images":"img/right-main/mobiles/item18.webp"
        },

        {
            
            "brand":"MOTOROLA",
            "title":"Motorola Edge 50 Fusion (Hot Pink, 128 GB)",     
            "stock":"IN_STOCK",
            "highlights":[
                "8 GB RAM | 128 GB ROM",
                "17.02 cm (6.7 inch) Full HD+ Display",
                "50MP + 13MP | 32MP Front Camera",
                "5000 mAh Battery",
                "7s Gen 2 Processor"
            ],
            "mrp":25999,
            "price":22999,
            "rating":{
                "average":4.5,
                "count":14145,
                "reviewCount":746
            },
            "launch_date": "2023-07-01",
            "itemno":19,
            "images":"img/right-main/mobiles/item19.webp"
        },
        
        {
            
            "brand":"realme",
            "title":"realme 12x 5G (Twilight Purple, 128 GB)",     
            "stock":"IN_STOCK",
            "highlights":[
                "8 GB RAM | 128 GB ROM | Expandable Upto 2 TB",
                "17.07 cm (6.72 inch) Full HD+ Display",
                "50MP + 2MP | 8MP Front Camera",
                "5000 mAh Battery",
                "Dimensity 6100+ Processor"
            ],
            "mrp":18999,
            "price":14999,
            "rating":{
                "average":4.4,
                "count":3769,
                "reviewCount":168
            },
            "launch_date": "2023-12-05",
            "itemno":20,
            "images":"img/right-main/mobiles/item20.webp"
        },

        {
            
            "brand":"Nokia",
            "title":"Nokia 105 Single SIM, Keypad Mobile Phone with Wireless FM Radio",     
            "stock":"IN_STOCK",
            "highlights":[
                "32 MB RAM | 32 MB ROM",
                "4.5 cm (1.77 inch) Display",
                "0MP | 0MP Front Camera",
                "1000 mAh Battery",
                "SC6531E Processor"
            ],
            "mrp":1597,
            "price":1264,
            "rating":{
                "average":4.1,
                "count":103110,
                "reviewCount":6461
            },
            "launch_date": "2023-12-09",
            "itemno":21,
            "images":"img/right-main/mobiles/item21.webp"
        },

        {
            
            "brand":"realme",
            "title":"realme 12x 5G (Twilight Purple, 128 GB)",     
            "stock":"IN_STOCK",
            "highlights":[
                "6 GB RAM | 128 GB ROM | Expandable Upto 2 TB",
                "17.07 cm (6.72 inch) Full HD+ Display",
                "50MP + 2MP | 8MP Front Camera",
                "5000 mAh Battery",
                "Dimensity 6100+ Processor"
            ],
            "mrp":17999,
            "price":13499,
            "rating":{
                "average":4.4,
                "count":28758,
                "reviewCount":1345
            },
            "launch_date": "2023-07-01",
            "itemno":22,
            "images":"img/right-main/mobiles/item22.webp"
        },

        {
            
            "brand":"realme",
            "title":"realme 12x 5G (Woodland Green, 128 GB)",     
            "stock":"IN_STOCK",
            "highlights":[
                "6 GB RAM | 128 GB ROM | Expandable Upto 2 TB",
                "17.07 cm (6.72 inch) Full HD+ Display",
                "50MP + 2MP | 8MP Front Camera",
                "5000 mAh Battery",
                "Dimensity 6100+ Processor"
            ],
            "mrp":17999,
            "price":13499,
            "rating":{
                "average":4.4,
                "count":28758,
                "reviewCount":1345
            },
            "launch_date": "2021-12-01",
            "itemno":23,
            "images":"img/right-main/mobiles/item23.webp"
        },
        
        {
            
            "brand":"SAMSUNG",
            "title":"SAMSUNG Galaxy F14 5G (B.A.E. Purple, 128 GB)",     
            "stock":"IN_STOCK",
            "highlights":[
                "4 GB RAM | 128 GB ROM | Expandable Upto 1 TB",
                "16.76 cm (6.6 inch) Full HD+ Display",
                "50MP + 2MP | 13MP Front Camera",
                "6000 mAh Battery",
                "Exynos 1330, Octa Core Processor"
            ],
            "mrp":17490,
            "price":10990,
            "rating":{
                "average":4.2,
                "count":43953,
                "reviewCount":2914
            },
            "launch_date": "2023-12-01",
            "itemno":24,
            "images":"img/right-main/mobiles/item24.webp"
        }
        
    ]
}





